Employee_Name,Employee_EmailID
Alice Johnson,alice.johnson@example.com
Bob Smith,bob.smith@example.com
Charlie Brown,charlie.brown@example.com
Diana Prince,diana.prince@example.com
Eve Adams,eve.adams@example.com
Frank Castle,frank.castle@example.com
Grace Lee,grace.lee@example.com
Hank Pym,hank.pym@example.com
Ivy Walker,ivy.walker@example.com
Jack Reacher,jack.reacher@example.com
Kelly Green,kelly.green@example.com
Liam Neeson,liam.neeson@example.com
Mia Wong,mia.wong@example.com
Nate Grey,nate.grey@example.com
Olivia Pope,olivia.pope@example.com
Paul Walker,paul.walker@example.com
Quinn Taylor,quinn.taylor@example.com
Rachel Green,rachel.green@example.com
Steve Rogers,steve.rogers@example.com
Tina Belcher,tina.belcher@example.com
Uma Thurman,uma.thurman@example.com
Vera Wang,vera.wang@example.com
Will Smith,will.smith@example.com
Xena Warrior,xena.warrior@example.com
Yara Shahidi,yara.shahidi@example.com
Zane Malik,zane.malik@example.com

